"Time","01 Riser Supply","01 Riser Return"
"2019-04-30 17:26:08",,82.4
"2019-04-30 17:26:25",93.6
"2019-04-30 20:59:54",,82
"2019-04-30 21:04:18",93.9
"2019-05-01 01:00:20",,81.6
"2019-05-01 01:03:10",93
"2019-05-01 05:12:25",94
"2019-05-01 05:12:34",,82
"2019-05-01 08:50:28",94.3
"2019-05-01 08:52:15",,84
"2019-05-01 12:28:33",104.4
"2019-05-01 12:29:09",,87.7
"2019-05-01 15:54:56",109.6
"2019-05-01 16:05:50",,91.3
"2019-05-01 19:33:04",110.5
"2019-05-01 19:45:12",,91.9
"2019-05-01 23:11:01",109.4
"2019-05-01 23:24:40",,91.4
"2019-05-02 03:28:08",108.8
"2019-05-02 03:37:06",,88.2
"2019-05-02 07:41:59",110.7
"2019-05-02 07:52:11",,90.7
"2019-05-02 11:19:58",108.8
"2019-05-02 11:31:40",,91
"2019-05-02 14:58:00",112
"2019-05-02 15:11:00",,87.9
"2019-05-02 18:35:50",112.1
"2019-05-02 18:50:27",,92.4
"2019-05-02 22:10:43",110.5
"2019-05-02 22:27:08",,92.6
"2019-05-03 01:42:48",109
"2019-05-03 02:03:54",,89.5
"2019-05-03 05:17:48",108.6
"2019-05-03 05:39:40",,85.7
"2019-05-03 08:55:53",111.8
"2019-05-03 09:19:03",,94.7
"2019-05-03 12:27:54",111.9
"2019-05-03 12:58:25",,92.1
"2019-05-03 16:00:10",113.4
"2019-05-03 16:37:59",,94.7
"2019-05-03 19:38:16",115.1
"2019-05-03 20:14:42",,96.7
"2019-05-03 23:16:11",112.4
"2019-05-03 23:54:56",,95.1
"2019-05-04 02:48:30",109
"2019-05-04 03:31:57",,92
"2019-05-04 06:26:36",112.4
"2019-05-04 07:10:58",,92.9
"2019-05-04 10:04:28",110.8
"2019-05-04 10:50:25",,95.2
"2019-05-04 13:39:31",114
"2019-05-04 14:29:44",,96
"2019-05-04 17:17:31",113.9
"2019-05-04 18:09:24",,96.5
"2019-05-04 20:55:30",113
"2019-05-04 21:48:55",,95.5
"2019-05-05 00:33:13",111.6
"2019-05-05 01:28:35",,93.8
"2019-05-05 04:08:17",114
"2019-05-05 05:05:12",,95.8
"2019-05-05 07:46:20",113.4
"2019-05-05 08:41:49",,95.6
"2019-05-05 11:24:19",114.5
"2019-05-05 12:15:34",,98.4
"2019-05-05 14:53:43",114.5
"2019-05-05 15:55:18",,97.2
"2019-05-05 18:31:42",115.4
"2019-05-05 19:34:57",,95.9
"2019-05-05 22:23:37",114
"2019-05-05 23:08:48",,96
"2019-05-06 00:03:20",,94.2
"2019-05-06 00:57:13",,90.5
"2019-05-06 02:00:59",,94.7
"2019-05-06 02:51:34",,94.2
"2019-05-06 02:58:14",114.4
"2019-05-06 03:38:21",,95.3
"2019-05-06 03:40:50",114.9
"2019-05-06 04:20:20",113.3
"2019-05-06 04:27:32",,94.6
"2019-05-06 05:10:30",115.2
"2019-05-06 06:54:18",,96.2
"2019-05-06 08:48:35",113.8
"2019-05-06 11:18:19",,97
"2019-05-06 12:26:32",114.8
"2019-05-06 15:05:35",,97.3
"2019-05-06 16:04:32",115.6
"2019-05-06 19:03:27",,95.4
"2019-05-06 19:42:35",113.9
"2019-05-06 22:53:46",,97
"2019-05-06 23:20:39",113.8
"2019-05-07 02:33:15",,95.6
"2019-05-07 03:10:29",113.1
"2019-05-07 06:12:44",,96.7
"2019-05-07 06:48:36",114.9
"2019-05-07 09:52:13",,98.1
"2019-05-07 10:26:30",113.4
"2019-05-07 13:31:39",,95.1
"2019-05-07 14:04:36",115.5
"2019-05-07 17:52:45",,96.7
"2019-05-07 19:18:08",114.4
"2019-05-07 23:54:40",,95.7
"2019-05-08 00:13:51",112.2
"2019-05-08 03:34:12",,94.7
"2019-05-08 03:51:49",112.9
"2019-05-08 07:13:41",,96.8
"2019-05-08 07:29:42",113.1
"2019-05-08 12:09:43",110
"2019-05-08 12:10:10",,92.4
"2019-05-08 15:48:01",112.4
"2019-05-08 15:50:12",,92.9
"2019-05-08 19:52:51",111.8
"2019-05-08 19:59:32",,94.1
"2019-05-08 23:31:08",109.5
"2019-05-08 23:39:10",,93
"2019-05-09 03:08:59",108.2
"2019-05-09 03:36:08",,88
"2019-05-09 07:04:51",109.1
"2019-05-09 07:15:42",,91.2
"2019-05-09 11:03:34",107.2
"2019-05-09 11:16:00",,90
"2019-05-09 14:41:29",108.3
"2019-05-09 14:55:36",,90.1
"2019-05-09 18:28:25",109.5
"2019-05-09 18:46:50",,90.5
"2019-05-09 23:04:16",109.4
"2019-05-09 23:22:52",,92.3
"2019-05-10 03:06:15",103
"2019-05-10 03:25:57",,80.8
"2019-05-10 07:02:10",106
"2019-05-10 07:21:17",,83.3
"2019-05-10 10:40:06",106.6
"2019-05-10 10:58:49",,88.7
"2019-05-10 14:20:58",109.4
"2019-05-10 14:35:19",,88.4
"2019-05-10 18:22:53",110.5
"2019-05-10 18:38:20",,92.1
"2019-05-10 22:24:38",108
"2019-05-10 22:38:36",,91.9
"2019-05-11 02:02:46",105.4
"2019-05-11 02:18:00",,89.1
"2019-05-11 05:40:48",104.1
"2019-05-11 05:55:36",,77.8
"2019-05-11 09:18:53",105.8
"2019-05-11 09:33:38",,86.4
"2019-05-11 13:38:47",106.1
"2019-05-11 13:54:46",,89.2
"2019-05-11 17:16:39",111
"2019-05-11 17:33:54",,92.3
"2019-05-11 20:54:56",109.3
"2019-05-11 21:14:35",,93.1
"2019-05-12 00:32:46",107.5
"2019-05-12 00:54:09",,89.9
"2019-05-12 04:10:54",105
"2019-05-12 04:35:55",,85.1
"2019-05-12 07:48:57",107.3
"2019-05-12 08:18:40",,88.1
"2019-05-12 11:27:00",107.7
"2019-05-12 11:57:54",,90.5
"2019-05-12 15:05:13",108
"2019-05-12 15:35:16",,87.9
"2019-05-12 18:42:59",107.1
"2019-05-12 19:15:02",,85.7
"2019-05-12 22:20:59",105.3
"2019-05-12 22:56:16",,87.2
"2019-05-13 01:58:06",103.9
"2019-05-13 02:43:23",,85.1
"2019-05-13 05:36:12",105
"2019-05-13 06:28:47",,86.9
"2019-05-13 09:13:53",104.5
"2019-05-13 10:08:31",,88.3
"2019-05-13 12:51:55",107.4
"2019-05-13 13:47:50",,89
"2019-05-13 16:29:46",109.1
"2019-05-13 17:30:42",,89.6
"2019-05-13 20:07:48",110.4
"2019-05-13 21:10:08",,92.9
"2019-05-13 23:48:41",110.2
"2019-05-14 01:10:10",,92.4
"2019-05-14 03:26:46",111.7
"2019-05-14 05:02:49",,93.1
"2019-05-14 07:04:49",112.8
"2019-05-14 08:42:18",,96
"2019-05-14 10:42:58",109
"2019-05-14 12:21:44",,88.5
"2019-05-14 14:21:01",112.9
"2019-05-14 16:04:13",,95.5
"2019-05-14 17:58:58",114.2
"2019-05-14 19:43:41",,96.3
"2019-05-14 21:37:10",113.1
"2019-05-14 23:23:15",,95.8
"2019-05-15 01:15:16",112.7
"2019-05-15 03:05:34",,94.3
"2019-05-15 04:53:15",114.1
"2019-05-15 06:45:08",,96.9
"2019-05-15 08:37:19",113.8
"2019-05-15 10:27:36",,96.1
"2019-05-15 12:15:20",113.3
"2019-05-15 14:06:59",,95.8
"2019-05-15 15:53:29",113.6
"2019-05-15 17:46:31",,94.4
"2019-05-15 19:31:55",112.8
"2019-05-15 21:26:06",,93.2
"2019-05-15 23:12:52",111.5
"2019-05-16 01:05:38",,88.2
"2019-05-16 02:51:01",111.1
"2019-05-16 04:45:08",,92.3
"2019-05-16 06:28:59",113.8
"2019-05-16 08:24:52",,97.8
"2019-05-16 10:07:12",111.2
"2019-05-16 12:10:13",,94
"2019-05-16 13:45:10",114.2
"2019-05-16 15:52:39",,93.8
"2019-05-16 17:23:11",113.8
"2019-05-16 19:32:09",,96.1
"2019-05-16 21:01:16",113.7
"2019-05-16 23:11:31",,92.8
"2019-05-17 01:21:27",110.5
"2019-05-17 03:35:29",,90.6
"2019-05-17 04:59:24",111.8
"2019-05-17 07:09:39",,91.2
"2019-05-17 08:37:23",114.3
"2019-05-17 10:49:04",,97.8
"2019-05-17 12:15:31",114.7
"2019-05-17 14:28:36",,97.6
"2019-05-17 15:53:25",116.2
"2019-05-17 18:07:58",,99.1
"2019-05-17 19:31:17",114.1
"2019-05-17 21:47:35",,94.1
"2019-05-17 23:09:27",112.7
"2019-05-18 01:26:34",,93.6
"2019-05-18 02:47:31",112.4
"2019-05-18 05:06:07",,90
"2019-05-18 06:25:32",113
"2019-05-18 08:45:37",,91.7
"2019-05-18 10:03:28",113.5
"2019-05-18 12:25:15",,97.8
"2019-05-18 13:41:24",114.1
"2019-05-18 16:04:52",,95.3
"2019-05-18 17:19:28",113.6
"2019-05-18 19:44:24",,95.4
"2019-05-18 20:57:32",114.5
"2019-05-18 23:50:39",,95
"2019-05-19 00:59:28",112.9
"2019-05-19 03:30:03",,96.5
"2019-05-19 04:37:31",111.3
"2019-05-19 07:08:49",,88.6
"2019-05-19 08:15:42",114
"2019-05-19 10:48:21",,97.5
"2019-05-19 11:53:50",113
"2019-05-19 14:27:40",,95.8
"2019-05-19 15:31:50",113.6
"2019-05-19 18:07:01",,96.4
"2019-05-19 19:09:51",114
"2019-05-19 21:46:29",,96.2
"2019-05-19 22:47:56",113.7
"2019-05-20 01:26:09",,96.1
"2019-05-20 02:26:01",112
"2019-05-20 05:05:29",,92.9
"2019-05-20 06:04:01",112.8
"2019-05-20 08:44:58",,97.1
"2019-05-20 09:42:00",112
"2019-05-20 12:24:37",,96.5
"2019-05-20 13:20:00",115.1
"2019-05-20 16:04:01",,98.2
"2019-05-20 16:57:56",115.4
"2019-05-20 19:43:31",,97.2
"2019-05-20 20:36:12",113.9
"2019-05-20 23:23:11",,94.8
"2019-05-21 00:14:24",111.2
"2019-05-21 03:02:52",,93.8
"2019-05-21 03:52:18",112
"2019-05-21 06:42:32",,95.9
"2019-05-21 07:30:27",114.2
"2019-05-21 10:21:57",,97.6
"2019-05-21 11:08:23",114
"2019-05-21 14:01:21",,97.8
"2019-05-21 14:46:35",114.4
"2019-05-21 17:40:37",,94.9
"2019-05-21 18:24:36",112.4
"2019-05-21 21:23:00",,94.8
"2019-05-21 22:02:46",112.7
"2019-05-22 01:41:11",,95.6
"2019-05-22 02:13:38",112.6
"2019-05-22 05:56:29",,96.8
"2019-05-22 06:27:31",114.1
"2019-05-22 09:35:52",,97.4
"2019-05-22 10:05:51",112.8
"2019-05-22 13:15:22",,95.3
"2019-05-22 13:43:44",113.3
"2019-05-22 16:54:48",,93.6
"2019-05-22 17:24:43",112.5
"2019-05-22 20:37:22",,93.1
"2019-05-22 21:02:39",111
"2019-05-23 00:16:54",,93.7
"2019-05-23 00:40:37",110.4
"2019-05-23 03:56:27",,90.8
"2019-05-23 04:18:40",109.7
"2019-05-23 07:35:58",,93.5
"2019-05-23 07:56:48",111.5
"2019-05-23 11:15:26",,94.8
"2019-05-23 11:34:53",110.6
"2019-05-23 14:54:59",,93.1
"2019-05-23 15:12:56",112.8
"2019-05-23 18:34:29",,94.5
"2019-05-23 18:50:55",112.4
"2019-05-23 22:13:56",,96.5
"2019-05-23 22:28:55",111.6
"2019-05-24 01:53:36",,94.3
"2019-05-24 02:06:50",109.9
"2019-05-24 05:33:05",,87.2
"2019-05-24 05:44:57",108.4
"2019-05-24 09:12:28",,89.9
"2019-05-24 09:22:45",110.3
"2019-05-24 12:54:50",,95.4
"2019-05-24 13:00:52",111.9
"2019-05-24 16:34:25",,91.5
"2019-05-24 16:38:46",110.6
"2019-05-24 20:13:59",,94.6
"2019-05-24 20:16:55",111.6
"2019-05-24 23:53:05",,93.4
"2019-05-24 23:54:44",110.6
"2019-05-25 03:32:37",106
"2019-05-25 03:35:34",,86.2
"2019-05-25 07:10:45",109.4
"2019-05-25 07:18:03",,87.3
"2019-05-25 10:48:53",111.9
"2019-05-25 10:57:27",,95.6
"2019-05-25 14:26:44",109.4
"2019-05-25 14:37:00",,93.3
"2019-05-25 18:04:39",110.3
"2019-05-25 18:16:31",,94
"2019-05-25 21:42:39",110.4
"2019-05-25 21:59:05",,93.7
"2019-05-26 01:20:47",108.3
"2019-05-26 01:38:31",,92.1
"2019-05-26 04:58:42",107.3
"2019-05-26 05:18:01",,84.7
"2019-05-26 08:36:46",112.3
"2019-05-26 08:57:34",,93.4
"2019-05-26 12:14:57",111
"2019-05-26 12:37:09",,95.9
"2019-05-26 15:52:50",111.9
"2019-05-26 16:16:29",,92.7
"2019-05-26 19:30:52",115
"2019-05-26 19:55:54",,97.4
"2019-05-26 23:08:42",112.8
"2019-05-26 23:35:31",,96.2
"2019-05-27 02:46:51",112.1
"2019-05-27 03:15:03",,93
"2019-05-27 06:24:59",112.6
"2019-05-27 06:54:25",,94.7
"2019-05-27 10:03:03",113.8
"2019-05-27 10:33:56",,96.4
"2019-05-27 13:41:05",110.4
"2019-05-27 14:13:33",,92.3
"2019-05-27 17:19:04",110.8
"2019-05-27 17:53:02",,90.5
"2019-05-27 20:57:04",111.3
"2019-05-27 21:32:38",,92.5
"2019-05-28 00:35:13",110
"2019-05-28 01:09:43",,90.7
"2019-05-28 04:13:21",109.8
"2019-05-28 04:49:10",,88
"2019-05-28 07:51:30",111.2
"2019-05-28 08:28:39",,93
"2019-05-28 11:29:30",110.9
"2019-05-28 12:11:10",,92.8
"2019-05-28 15:07:21",112.6
"2019-05-28 15:50:48",,92.6
"2019-05-28 18:45:28",112.4
"2019-05-28 19:30:42",,92.8
"2019-05-28 22:26:25",110.2
"2019-05-28 23:10:01",,94.5
"2019-05-29 02:04:25",111.4
"2019-05-29 02:49:28",,93.4
"2019-05-29 05:42:22",109.2
"2019-05-29 06:28:44",,85.6
"2019-05-29 09:20:25",111
"2019-05-29 10:08:02",,95
"2019-05-29 12:58:09",113.5
"2019-05-29 13:47:27",,94.2
"2019-05-29 16:36:18",112.3
"2019-05-29 17:27:00",,92.8
"2019-05-29 20:14:21",113.2
"2019-05-29 21:06:24",,95.1
"2019-05-29 23:52:20",112.4
"2019-05-30 00:45:56",,94.8
"2019-05-30 03:30:13",112
"2019-05-30 04:28:18",,92.4
"2019-05-30 07:08:15",113.8
"2019-05-30 08:07:49",,96.2
"2019-05-30 10:46:11",113.1
"2019-05-30 11:47:11",,96.7
"2019-05-30 14:24:17",114.2
"2019-05-30 15:26:38",,95.4
"2019-05-30 18:02:21",113.6
"2019-05-30 19:06:06",,91.9
"2019-05-30 21:40:21",112.8
"2019-05-30 22:45:37",,95.1
"2019-05-31 01:18:10",111
"2019-05-31 02:25:09",,92.9
"2019-05-31 04:56:13",110.9
"2019-05-31 06:04:42",,90.5
"2019-05-31 08:34:05",113.2
"2019-05-31 09:44:13",,96.9
"2019-05-31 12:12:08",113.8
"2019-05-31 13:23:39",,96.2
"2019-05-31 15:50:13",113
"2019-05-31 17:03:12",,94.1
"2019-05-31 19:28:23",113
"2019-05-31 20:42:51",,93.9
"2019-05-31 23:06:21",110.7
"2019-06-01 00:21:43",,91.8
"2019-06-01 02:44:21",108.6
"2019-06-01 04:01:22",,85.9
"2019-06-01 06:22:33",110.6
"2019-06-01 07:40:52",,93.5
"2019-06-01 10:00:34",109.7
"2019-06-01 11:20:31",,93.4
"2019-06-01 13:38:10",110.4
"2019-06-01 14:59:16",,93.2
"2019-06-01 17:16:15",111.5
"2019-06-01 18:38:49",,93.7
"2019-06-01 20:54:16",108.8
"2019-06-01 22:18:16",,92.4
"2019-06-02 00:32:23",109
"2019-06-02 01:57:50",,91
"2019-06-02 04:10:23",108.9
"2019-06-02 05:37:06",,90.6
"2019-06-02 07:48:32",108.4
"2019-06-02 09:16:38",,92.6
"2019-06-02 11:26:34",110.6
"2019-06-02 12:56:09",,94.5
"2019-06-02 15:04:29",111.3
"2019-06-02 16:35:39",,93.3
"2019-06-02 18:42:41",112.1
"2019-06-02 20:15:13",,93.2
"2019-06-02 22:20:39",109.7
"2019-06-02 23:54:51",,89.7
"2019-06-03 01:58:47",107.1
"2019-06-03 03:34:22",,83.1
"2019-06-03 05:36:51",108.2
"2019-06-03 07:13:57",,88.1
"2019-06-03 09:14:59",109.2
"2019-06-03 10:53:30",,90.5
"2019-06-03 12:52:48",110.3
"2019-06-03 14:33:08",,91.8
"2019-06-03 16:30:51",109.5
"2019-06-03 18:12:47",,89.6
"2019-06-03 20:08:45",109.4
"2019-06-03 21:52:23",,91.3
"2019-06-03 23:46:43",107.8
"2019-06-04 01:31:49",,90.3
"2019-06-04 03:24:50",109.8
"2019-06-04 05:11:26",,92.4
"2019-06-04 07:05:46",111.9
"2019-06-04 08:50:57",,96.5
"2019-06-04 10:43:49",108.8
"2019-06-04 12:30:40",,90.4
"2019-06-04 14:21:56",111.4
"2019-06-04 16:10:17",,91.9
"2019-06-04 18:00:18",110.9
"2019-06-04 19:49:41",,91.7
"2019-06-04 21:38:10",109.5
"2019-06-04 23:29:22",,91.5
"2019-06-05 01:16:01",108.4
"2019-06-05 03:08:51",,85.2
"2019-06-05 04:54:04",108.9
"2019-06-05 06:48:24",,86.7
"2019-06-05 08:32:14",110.7
"2019-06-05 10:28:09",,93.6
"2019-06-05 12:10:10",110.3
"2019-06-05 14:07:13",,90.8
"2019-06-05 15:48:23",112.7
"2019-06-05 17:46:52",,94.2
"2019-06-05 19:26:25",111.9
"2019-06-05 21:26:27",,92.7
"2019-06-05 23:04:25",111.7
"2019-06-06 01:05:52",,93.2
"2019-06-06 02:42:45",111.2
"2019-06-06 04:45:25",,92.9
"2019-06-06 06:20:35",112.3
"2019-06-06 08:25:02",,93.6
"2019-06-06 09:58:37",110.3
"2019-06-06 12:03:58",,93.2
"2019-06-06 13:36:45",112.2
"2019-06-06 15:43:40",,94
"2019-06-06 17:14:46",112.7
"2019-06-06 19:23:13",,91.6
"2019-06-06 20:52:50",111.6
"2019-06-06 23:05:47",,94.6
"2019-06-07 00:30:47",110.8
"2019-06-07 02:45:16",,91.7
"2019-06-07 04:08:56",107.4
"2019-06-07 06:24:44",,85.9
"2019-06-07 07:46:57",109.5
"2019-06-07 10:07:15",,91
"2019-06-07 11:24:59",109.7
"2019-06-07 13:46:39",,89.4
"2019-06-07 15:02:55",111.4
"2019-06-07 17:26:12",,90.4
"2019-06-07 18:40:57",112.9
"2019-06-07 21:05:34",,94
"2019-06-07 22:19:02",112.2
"2019-06-08 00:45:14",,95
"2019-06-08 01:56:53",111.2
"2019-06-08 04:24:46",,87
"2019-06-08 05:35:03",107.5
"2019-06-08 08:04:19",,88
"2019-06-08 09:13:07",110.5
"2019-06-08 11:43:54",,95.4
"2019-06-08 12:51:01",109.8
"2019-06-08 15:23:28",,90.9
"2019-06-08 16:29:04",112.1
"2019-06-08 19:03:00",,93.3
"2019-06-08 20:07:03",111.4
"2019-06-08 22:42:40",,92.6
"2019-06-08 23:45:06",111.3
"2019-06-09 02:22:22",,91.5
"2019-06-09 03:23:03",106.8
"2019-06-09 06:01:50",,78.3
"2019-06-09 07:01:01",105.9
"2019-06-09 09:40:27",,88.6
"2019-06-09 10:39:03",109.7
"2019-06-09 13:20:09",,93.9
"2019-06-09 14:17:09",110.4
"2019-06-09 16:59:31",,92.1
"2019-06-09 17:55:09",110.4
"2019-06-09 20:39:11",,93.3
"2019-06-09 21:33:15",110.9
"2019-06-10 00:18:45",,91.8
"2019-06-10 01:11:25",109.9
"2019-06-10 03:58:16",,87.8
"2019-06-10 04:49:25",107.7
"2019-06-10 07:38:01",,87.7
"2019-06-10 08:27:24",109.9
"2019-06-10 11:17:28",,92.4
"2019-06-10 12:05:32",109.6
"2019-06-10 14:57:27",,93.7
"2019-06-10 15:43:36",112.3
"2019-06-10 18:36:30",,94.2
"2019-06-10 19:21:30",113.4
"2019-06-10 22:15:59",,96.4
"2019-06-10 23:02:46",113.3
"2019-06-11 01:55:29",,94.4
"2019-06-11 02:40:51",109.9
"2019-06-11 05:35:04",,89.2
"2019-06-11 06:18:57",111.2
"2019-06-11 09:35:32",,94
"2019-06-11 10:17:56",112.1
"2019-06-11 13:15:00",,95
"2019-06-11 13:55:50",114
"2019-06-11 16:54:28",,96
"2019-06-11 17:33:51",113.8
"2019-06-11 20:34:02",,95.5
"2019-06-11 21:12:05",113.8
"2019-06-12 00:13:37",,94.9
"2019-06-12 00:50:08",111.1
"2019-06-12 03:53:23",,88.5
"2019-06-12 04:28:15",109
"2019-06-12 07:33:01",,91.2
"2019-06-12 08:06:23",110.1
"2019-06-12 11:12:27",,90.9
"2019-06-12 11:44:21",109.3
"2019-06-12 14:52:12",,93.8
"2019-06-12 15:22:15",111.4
"2019-06-12 18:31:35",,92.7
"2019-06-12 19:00:13",111.3
"2019-06-12 22:11:02",,92.2
"2019-06-12 22:38:13",110.4
"2019-06-13 01:50:40",,92.4
"2019-06-13 02:16:16",109.4
"2019-06-13 05:30:05",,84.4
"2019-06-13 05:54:11",107.6
"2019-06-13 09:09:20",,88.4
"2019-06-13 09:32:19",110.9
"2019-06-13 12:48:51",,92.5
"2019-06-13 13:10:24",111.9
"2019-06-13 16:28:26",,93.6
"2019-06-13 17:09:26",112.2
"2019-06-13 20:28:46",,93.3
"2019-06-13 20:47:27",112.2
"2019-06-14 00:08:22",,94
"2019-06-14 00:24:57",110
"2019-06-14 04:38:31",,88.9
"2019-06-14 04:53:41",107.2
"2019-06-14 08:18:09",,93.6
"2019-06-14 08:31:39",111.6
"2019-06-14 11:57:58",,93.3
"2019-06-14 12:09:46",111.4
"2019-06-14 15:37:19",,92.3
"2019-06-14 15:47:55",112.3
"2019-06-14 19:16:52",,94.5
"2019-06-14 19:25:47",112.7
"2019-06-14 22:56:28",,95.4
"2019-06-14 23:03:54",111.5
"2019-06-15 02:36:03",,89.2
"2019-06-15 02:41:57",106.6
"2019-06-15 06:15:39",,90.3
"2019-06-15 06:19:55",108.5
"2019-06-15 09:55:21",,93.7
"2019-06-15 09:57:57",110.2
"2019-06-15 13:35:58",111
"2019-06-15 13:37:55",,93.7
"2019-06-15 17:13:58",112.5
"2019-06-15 17:20:26",,93.7
"2019-06-15 20:52:11",111.5
"2019-06-15 21:02:56",,94.2
"2019-06-16 00:30:00",110.4
"2019-06-16 00:42:21",,91.2
"2019-06-16 04:08:09",108.3
"2019-06-16 04:21:47",,91.4
"2019-06-16 07:46:11",109.9
"2019-06-16 08:01:29",,91.4
"2019-06-16 11:24:13",112
"2019-06-16 11:41:06",,94.2
"2019-06-16 15:02:22",113.1
"2019-06-16 15:20:32",,94.7
"2019-06-16 18:40:21",113.3
"2019-06-16 19:00:13",,95.4
"2019-06-16 22:18:25",109.7
"2019-06-16 22:39:46",,91.8
"2019-06-17 02:35:16",110.1
"2019-06-17 02:57:32",,92.3
"2019-06-17 06:13:13",111.8
"2019-06-17 06:37:10",,93.6
"2019-06-17 09:51:23",111.7
"2019-06-17 10:16:49",,95.4
"2019-06-17 13:29:21",115.1
"2019-06-17 13:56:22",,97.2
"2019-06-17 17:07:19",113.5
"2019-06-17 17:35:58",,95.4
"2019-06-17 20:45:25",114
"2019-06-17 21:15:26",,95.4
"2019-06-18 00:38:17",111.7
"2019-06-18 01:09:45",,95.6
"2019-06-18 04:34:17",111.7
"2019-06-18 05:07:04",,92.9
"2019-06-18 08:12:16",111.9
"2019-06-18 08:49:31",,92.9
"2019-06-18 11:50:39",113.5
"2019-06-18 12:29:09",,95.9
"2019-06-18 15:49:30",113.6
"2019-06-18 16:29:30",,95.8
"2019-06-18 19:27:41",113
"2019-06-18 20:09:01",,94.1
"2019-06-18 23:05:49",111.7
"2019-06-18 23:51:28",,91.6
"2019-06-19 02:43:53",110.7
"2019-06-19 03:31:02",,91
"2019-06-19 06:21:55",110.8
"2019-06-19 07:10:36",,92.6
"2019-06-19 09:59:54",109.5
"2019-06-19 10:50:07",,92.5
"2019-06-19 13:37:55",111.4
"2019-06-19 14:29:33",,93.5
"2019-06-19 17:15:53",112.8
"2019-06-19 18:09:14",,94.8
"2019-06-19 20:53:47",112.5
"2019-06-19 21:48:19",,95
"2019-06-20 00:31:48",112.3
"2019-06-20 01:27:00",,93.7
"2019-06-20 04:09:49",107.4
"2019-06-20 05:06:34",,84.2
"2019-06-20 07:47:51",111.1
"2019-06-20 08:45:15",,91.7
"2019-06-20 11:25:46",111
"2019-06-20 12:24:54",,92.6
"2019-06-20 15:04:01",113.3
"2019-06-20 16:04:29",,95.8
"2019-06-20 18:41:53",113.6
"2019-06-20 19:43:50",,95.4
"2019-06-20 22:20:01",110.8
"2019-06-20 23:23:21",,91.6
"2019-06-21 01:58:01",112.6
"2019-06-21 03:02:54",,96.2
"2019-06-21 05:36:07",107.9
"2019-06-21 06:41:49",,84.7
"2019-06-21 09:14:08",109.8
"2019-06-21 10:21:20",,92.7
"2019-06-21 12:52:16",111.7
"2019-06-21 14:00:54",,94.1
"2019-06-21 16:30:21",112.8
"2019-06-21 17:40:36",,93.6
"2019-06-21 20:08:27",112
"2019-06-21 21:20:06",,93.5
"2019-06-21 23:46:39",110.9
"2019-06-22 01:02:38",,92.8
"2019-06-22 03:24:51",108.8
"2019-06-22 04:42:10",,87.3
"2019-06-22 07:02:51",107.4
"2019-06-22 08:21:47",,88.5
"2019-06-22 10:40:50",111.1
"2019-06-22 12:01:16",,94.9
"2019-06-22 14:19:01",111.9
"2019-06-22 15:40:51",,94.9
"2019-06-22 17:57:04",114.1
"2019-06-22 19:20:28",,96.9
"2019-06-22 21:35:09",112.5
"2019-06-22 22:59:53",,94.3
"2019-06-23 01:13:11",111.3
"2019-06-23 02:39:26",,92.5
"2019-06-23 04:51:10",108.1
"2019-06-23 06:18:58",,87.9
"2019-06-23 08:29:14",110.6
"2019-06-23 09:58:36",,94.2
"2019-06-23 12:07:23",109.6
"2019-06-23 13:38:06",,92.6
"2019-06-23 15:45:22",114.2
"2019-06-23 17:17:35",,96.9
"2019-06-23 19:23:26",114.6
"2019-06-23 20:57:10",,95.2
"2019-06-23 23:01:25",113.4
"2019-06-24 00:36:40",,94.1
"2019-06-24 02:39:35",112.8
"2019-06-24 04:16:06",,95.4
"2019-06-24 06:17:45",113
"2019-06-24 07:58:42",,95.6
"2019-06-24 09:58:51",114.4
"2019-06-24 11:38:06",,97.9
"2019-06-24 12:19:11",114.8
"2019-06-24 15:17:37",,98
"2019-06-24 15:57:16",115.9
"2019-06-24 18:57:09",,97.6
"2019-06-24 19:35:20",114.9
"2019-06-24 22:36:37",,97.6
"2019-06-24 23:16:27",114.4
"2019-06-25 02:15:21",,94.3
"2019-06-25 02:54:31",111.4
"2019-06-25 05:55:03",,84.6
"2019-06-25 06:32:34",110.8
"2019-06-25 09:34:35",,95.2
"2019-06-25 10:10:57",112.8
"2019-06-25 13:14:02",,97.4
"2019-06-25 13:52:14",115.2
"2019-06-25 16:56:32",,96.7
"2019-06-25 17:33:22",114.1
"2019-06-25 20:36:11",,95.7
"2019-06-25 21:11:35",114.1
"2019-06-26 00:15:45",,96.6
"2019-06-26 00:49:53",113.1
"2019-06-26 03:55:19",,91.6
"2019-06-26 04:28:04",112.6
"2019-06-26 07:34:54",,95.2
"2019-06-26 08:06:15",112.5
"2019-06-26 11:14:21",,96.6
"2019-06-26 11:40:43",112.4
"2019-06-26 14:53:51",,94.7
"2019-06-26 15:18:52",111.1
"2019-06-26 18:33:21",,94.8
"2019-06-26 18:57:04",110.3
"2019-06-26 22:12:59",,95.1
"2019-06-26 22:35:14",110.8
"2019-06-27 01:52:24",,93.9
"2019-06-27 02:13:24",107.8
"2019-06-27 05:31:59",,90.4
"2019-06-27 05:51:39",108.1
"2019-06-27 09:11:36",,96
"2019-06-27 09:29:58",108.7
"2019-06-27 12:51:19",,95.8
"2019-06-27 13:08:11",110.8
"2019-06-27 16:30:52",,95.3
"2019-06-27 16:46:20",110.5
"2019-06-27 20:10:29",,94.7
"2019-06-27 20:24:34",110.6
"2019-06-27 23:50:02",,96.6
"2019-06-28 00:02:34",110.8
"2019-06-28 04:05:10",,93.2
"2019-06-28 04:19:44",108.8
"2019-06-28 07:44:39",,93.4
"2019-06-28 07:58:02",110
"2019-06-28 11:24:14",,97.4
"2019-06-28 11:36:11",110.1
"2019-06-28 15:04:02",,97.1
"2019-06-28 15:14:29",110.1
"2019-06-28 18:43:46",,95.7
"2019-06-28 18:52:14",110.4
"2019-06-28 22:22:46",,97
"2019-06-28 22:30:30",110.1
"2019-06-29 02:02:16",,92.9
"2019-06-29 02:08:36",108.8
"2019-06-29 05:41:52",,90.1
"2019-06-29 05:46:43",106.6
"2019-06-29 09:20:31",,92.7
"2019-06-29 09:24:50",109.1
"2019-06-29 13:00:00",,97.3
"2019-06-29 13:02:53",111.5
"2019-06-29 16:39:38",,97.9
"2019-06-29 16:40:52",112
"2019-06-29 20:19:02",,95.7
"2019-06-29 20:19:08",111.5
"2019-06-29 23:57:04",111.2
"2019-06-29 23:58:33",,96.7
"2019-06-30 03:35:16",108.8
"2019-06-30 03:38:07",,94.1
"2019-06-30 07:13:13",110.5
"2019-06-30 07:17:50",,95.9
"2019-06-30 10:51:17",111.3
"2019-06-30 10:57:27",,98.8
"2019-06-30 14:29:34",112.1
"2019-06-30 14:37:02",,98.8
"2019-06-30 18:07:44",112
"2019-06-30 18:16:37",,97.3
"2019-06-30 21:45:54",110.7
"2019-06-30 21:56:08",,95.6
"2019-07-01 01:23:57",111.1
"2019-07-01 01:35:47",,96.3
"2019-07-01 05:02:05",106.6
"2019-07-01 05:15:16",,89.1
"2019-07-01 08:40:19",108.9
"2019-07-01 08:54:42",,93.1
"2019-07-01 12:18:08",109.9
"2019-07-01 12:34:31",,95.5
"2019-07-01 15:56:08",108.9
"2019-07-01 16:14:02",,94.5
"2019-07-01 19:34:16",109.7
"2019-07-01 19:53:28",,95.2
"2019-07-01 23:12:16",109.1
"2019-07-01 23:32:58",,96.5
"2019-07-02 02:50:32",108.3
"2019-07-02 03:15:34",,93.6
"2019-07-02 06:28:25",109.1
"2019-07-02 06:55:08",,93.3
"2019-07-02 10:06:26",108.6
"2019-07-02 10:34:29",,94.6
"2019-07-02 13:44:38",110.7
"2019-07-02 14:14:02",,95.3
"2019-07-02 17:22:49",110
"2019-07-02 17:53:30",,95.4
"2019-07-02 21:00:59",109.8
"2019-07-02 21:33:10",,95.1
"2019-07-03 00:38:58",107.4
"2019-07-03 01:12:39",,93.3
"2019-07-03 04:16:57",106.7
"2019-07-03 05:11:38",,90.4
"2019-07-03 07:54:57",107.8
"2019-07-03 08:51:18",,93.3
"2019-07-03 11:33:13",106.7
"2019-07-03 12:31:00",,87.2
"2019-07-03 15:11:14",110.1
"2019-07-03 16:10:38",,95.5
"2019-07-03 18:49:15",109
"2019-07-03 19:50:07",,93.3
"2019-07-03 22:27:39",107.8
"2019-07-03 23:29:42",,92.9
"2019-07-04 02:05:39",107.9
"2019-07-04 03:18:58",,93
"2019-07-04 05:43:44",107.5
"2019-07-04 06:57:44",,89.5
"2019-07-04 09:21:57",109.4
"2019-07-04 10:37:11",,96.1
"2019-07-04 12:59:54",110.6
"2019-07-04 14:17:04",,96.8
"2019-07-04 16:37:58",112.1
"2019-07-04 17:56:17",,97.2
"2019-07-04 20:16:04",111.9
"2019-07-04 21:35:50",,97.9
"2019-07-04 23:54:25",111.4
"2019-07-05 01:15:16",,96.7
"2019-07-05 03:32:14",109.7
"2019-07-05 04:54:38",,93.9
"2019-07-05 07:10:19",109.7
"2019-07-05 08:34:18",,94.8
"2019-07-05 10:48:17",111.4
"2019-07-05 12:13:52",,96.9
"2019-07-05 14:26:32",111.7
"2019-07-05 15:53:33",,98.1
"2019-07-05 18:04:31",111
"2019-07-05 19:32:19",,96.3
"2019-07-05 21:42:40",110.6
"2019-07-05 23:11:47",,96.9
"2019-07-06 01:21:03",109.8
"2019-07-06 02:51:31",,95.1
"2019-07-06 04:59:03",107.8
"2019-07-06 06:31:08",,90.3
"2019-07-06 08:37:21",109.4
"2019-07-06 10:10:40",,96.7
"2019-07-06 12:15:27",111.3
"2019-07-06 13:50:26",,96.7
"2019-07-06 15:53:36",110.3
"2019-07-06 17:29:57",,96.3
"2019-07-06 19:31:49",111.9
"2019-07-06 21:09:46",,97.3
"2019-07-06 23:10:01",110.1
"2019-07-07 00:46:51",,95.6
"2019-07-07 02:48:11",110.2
"2019-07-07 04:26:31",,94.9
"2019-07-07 06:26:25",109
"2019-07-07 08:06:01",,92.2
"2019-07-07 10:04:40",109.1
"2019-07-07 11:45:37",,95.5
"2019-07-07 13:43:07",110.4
"2019-07-07 15:25:14",,96.3
"2019-07-07 17:20:52",111.1
"2019-07-07 19:07:56",,96.3
"2019-07-07 20:59:06",111.2
"2019-07-07 22:47:25",,96.9
"2019-07-08 00:37:03",110.8
"2019-07-08 02:27:22",,95.9
"2019-07-08 04:15:15",109.4
"2019-07-08 06:06:48",,92.5
"2019-07-08 07:53:15",108.8
"2019-07-08 09:46:20",,94.7
"2019-07-08 11:31:23",110.5
"2019-07-08 13:25:55",,97.1
"2019-07-08 15:09:32",110.9
"2019-07-08 17:05:35",,96.7
"2019-07-08 18:47:24",112.2
"2019-07-08 20:45:00",,99.1
"2019-07-08 22:25:10",111.6
"2019-07-09 00:23:54",,97.3
"2019-07-09 02:03:22",110.6
"2019-07-09 04:03:32",,94
"2019-07-09 05:47:31",108.8
"2019-07-09 07:43:03",,92.7
"2019-07-09 09:25:43",110.1
"2019-07-09 11:25:29",,96.9
"2019-07-09 13:03:53",111.8
"2019-07-09 15:05:03",,98.8
"2019-07-09 16:42:13",113.5
"2019-07-09 18:44:36",,96.9
"2019-07-09 20:20:20",112.6
"2019-07-09 22:24:14",,98.2
"2019-07-09 23:58:33",112.4
"2019-07-10 02:18:26",,96.9
"2019-07-10 03:51:28",109.5
"2019-07-10 05:58:13",,93.4
"2019-07-10 07:29:48",111.3
"2019-07-10 09:37:33",,99.1
"2019-07-10 11:07:55",112.3
"2019-07-10 13:14:42",,99.5
"2019-07-10 14:45:58",112.7
"2019-07-10 16:54:21",,97.8
"2019-07-10 18:24:23",111.9
"2019-07-10 20:33:42",,96.1
"2019-07-10 22:02:37",109.4
"2019-07-11 00:31:05",,94.7
"2019-07-11 01:58:35",107.4
"2019-07-11 04:34:00",,89.1
"2019-07-11 05:57:49",107.8
"2019-07-11 08:13:36",,92.4
"2019-07-11 09:35:54",109.7
"2019-07-11 11:53:09",,96.3
"2019-07-11 13:13:53",111.8
"2019-07-11 15:33:06",,97.8
"2019-07-11 16:52:00",112.3
"2019-07-11 19:15:11",,97.1
"2019-07-11 20:30:05",111.4
"2019-07-11 22:52:03",,96.5
"2019-07-12 00:08:12",112.1
"2019-07-12 02:31:36",,96.4
"2019-07-12 03:46:23",108.7
"2019-07-12 06:11:14",,91.7
"2019-07-12 07:24:31",110.6
"2019-07-12 09:50:47",,97.5
"2019-07-12 11:02:37",111.8
"2019-07-12 13:30:29",,97.2
"2019-07-12 14:40:45",110.8
"2019-07-12 17:09:41",,95.9
"2019-07-12 18:18:54",111.2
"2019-07-12 20:49:13",,95.8
"2019-07-12 21:57:05",111.3
"2019-07-13 00:28:36",,97.1
"2019-07-13 01:35:15",109.8
"2019-07-13 04:08:13",,92.2
"2019-07-13 05:13:24",108.1
"2019-07-13 07:48:00",,93.6
"2019-07-13 08:51:26",109.8
"2019-07-13 11:27:33",,97.2
"2019-07-13 12:29:34",112.1
"2019-07-13 15:07:00",,98.4
"2019-07-13 16:07:41",112.2
"2019-07-13 18:46:33",,96.2
"2019-07-13 19:45:49",110.6
"2019-07-13 22:26:15",,95.5
"2019-07-13 23:23:53",109.2
"2019-07-14 02:05:45",,95
"2019-07-14 03:01:57",108.8
"2019-07-14 05:45:10",,92.3
"2019-07-14 06:40:03",107.8
"2019-07-14 09:24:51",,91.2
"2019-07-14 10:18:09",109.5
"2019-07-14 13:04:24",,96.8
"2019-07-14 13:56:24",110.4
"2019-07-14 16:44:00",,95
"2019-07-14 17:34:17",110
"2019-07-14 20:23:30",,94.1
"2019-07-14 21:12:22",109.6
"2019-07-15 00:02:59",,94
"2019-07-15 00:50:34",108.6
"2019-07-15 03:42:33",,90.7
"2019-07-15 04:28:40",108.4
"2019-07-15 07:22:02",,94
"2019-07-15 08:06:42",108.9
"2019-07-15 11:22:34",,96.6
"2019-07-15 12:05:34",110.9
"2019-07-15 15:02:06",,94.7
"2019-07-15 15:43:43",110.1
"2019-07-15 18:41:36",,93.9
"2019-07-15 19:21:50",109.7
"2019-07-15 22:20:54",,95.5
"2019-07-15 22:59:33",110.1
"2019-07-16 02:00:20",,94.3
"2019-07-16 02:37:15",107.8
"2019-07-16 05:39:55",,89.6
"2019-07-16 06:14:38",108.1
"2019-07-16 08:08:05",110.1
"2019-07-16 08:08:16",,93.7
